-- phpMyAdmin SQL Dump
-- version 4.0.10.18
-- https://www.phpmyadmin.net
--
-- Host: localhost:3306
-- Generation Time: Feb 07, 2017 at 08:32 PM
-- Server version: 10.0.29-MariaDB
-- PHP Version: 5.6.20

SET SQL_MODE = "NO_AUTO_VALUE_ON_ZERO";
SET time_zone = "+00:00";


/*!40101 SET @OLD_CHARACTER_SET_CLIENT=@@CHARACTER_SET_CLIENT */;
/*!40101 SET @OLD_CHARACTER_SET_RESULTS=@@CHARACTER_SET_RESULTS */;
/*!40101 SET @OLD_COLLATION_CONNECTION=@@COLLATION_CONNECTION */;
/*!40101 SET NAMES utf8 */;

--
-- Database: `webcare_blri`
--

-- --------------------------------------------------------

--
-- Table structure for table `blri_admin`
--

CREATE TABLE IF NOT EXISTS `blri_admin` (
  `blri_admin_id` int(50) NOT NULL AUTO_INCREMENT,
  `blri_admin_name` varchar(50) NOT NULL,
  `blri_admin_username` varchar(100) NOT NULL,
  `blri_admin_password` varchar(150) NOT NULL,
  `blri_admin_phone_number` varchar(20) NOT NULL,
  `blri_admin_NID` varchar(100) NOT NULL,
  PRIMARY KEY (`blri_admin_id`)
) ENGINE=InnoDB  DEFAULT CHARSET=utf8 AUTO_INCREMENT=3 ;

--
-- Dumping data for table `blri_admin`
--

INSERT INTO `blri_admin` (`blri_admin_id`, `blri_admin_name`, `blri_admin_username`, `blri_admin_password`, `blri_admin_phone_number`, `blri_admin_NID`) VALUES
(1, 'Md Ibrahim Arafat', 'arafat@gmail.com', 'ceb6c970658f31504a901b89dcd3e461', '', ''),
(2, 'Tanbir Ahmed Siddiqui', 'tanbir@gmail.com', 'd065f6af0372cc1dbe5c79d7321c002d', '', '');

-- --------------------------------------------------------

--
-- Table structure for table `blri_applicant`
--

CREATE TABLE IF NOT EXISTS `blri_applicant` (
  `applicant_id` int(200) NOT NULL AUTO_INCREMENT,
  `applicant_name` varchar(100) NOT NULL,
  `applicant_date_of_birth` varchar(30) NOT NULL,
  `applicant_father_name` varchar(100) NOT NULL,
  `applicant_NID` varchar(50) NOT NULL,
  `applicant_mobile` varchar(20) NOT NULL,
  `applicant_email` varchar(100) NOT NULL,
  `applicant_village` varchar(50) NOT NULL,
  `applicant_post_office` varchar(50) NOT NULL,
  `applicant_district_id` int(20) NOT NULL,
  `applicant_subdistrict_id` int(20) NOT NULL,
  `applicant_course_id` int(100) NOT NULL DEFAULT '0',
  `applicant_photo` varchar(200) NOT NULL,
  `finally_submitted` tinyint(9) NOT NULL DEFAULT '0',
  `application_date` varchar(100) NOT NULL,
  `applicant_is_enrolled` tinyint(3) NOT NULL DEFAULT '0',
  `applicant_is_passed` tinyint(3) NOT NULL DEFAULT '0',
  `applicant_is_trashed` tinyint(3) NOT NULL DEFAULT '0',
  PRIMARY KEY (`applicant_id`)
) ENGINE=InnoDB  DEFAULT CHARSET=utf8 AUTO_INCREMENT=58 ;

--
-- Dumping data for table `blri_applicant`
--

INSERT INTO `blri_applicant` (`applicant_id`, `applicant_name`, `applicant_date_of_birth`, `applicant_father_name`, `applicant_NID`, `applicant_mobile`, `applicant_email`, `applicant_village`, `applicant_post_office`, `applicant_district_id`, `applicant_subdistrict_id`, `applicant_course_id`, `applicant_photo`, `finally_submitted`, `application_date`, `applicant_is_enrolled`, `applicant_is_passed`, `applicant_is_trashed`) VALUES
(34, 'আরাফাত', '25/10/2016', 'fdsf', 'fdsf', '01687127823', '', 'fsdfdsf', 'fdsfdsf', 2, 1, 5, '13241138_781825218584826_4462034292391027226_n.jpg', 1, '2016-01-10', 1, 1, 0),
(42, 'zabeer', '14-10-2016', 'test', 'test', '01687127823', '', 'test', 'test', 2, 1, 5, '13241138_781825218584826_4462034292391027226_n.jpg', 1, '2016-08-10', 0, 0, 0),
(43, 'zara', '19-10-2016', 'harun', 'test', '01687127832', '', 'deliaie', 'deliaie', 2, 1, 5, '13173664_214688512247949_3962250314405501304_n.jpg', 1, '2016-10-10', 1, 1, 0),
(45, 'aftab', '25/10/2016', 'fdsfdsf', 'sdfsdf', '01687127823', '', 'fdfsdsf', 'fdsfdsf', 1, 3, 5, '13173664_214688512247949_3962250314405501304_n.jpg', 1, '2016-10-10', 0, 0, 0),
(48, 'harun', '25/10/2016', 'fdsf', 'fdsf', '01687127823', '', 'fdfsdsf', 'fdsfdsf', 2, 5, 4, '13312917_1039493796133202_1809505278339915411_n.jpg', 1, '2016-02-02', 1, 1, 0),
(50, 'Tanbir', '13-10-2016', 'fdsfdsf', 'fdsf', '01687127823', '', 'fdfsdsf', 'fdsfdsf', 2, 1, 5, 'tanbir_pp.jpg', 1, '2016-10-25', 1, 1, 0),
(53, 'zabeer', '20-08-2016', 'ibrahim', '1234567890', '01687127823', '', 'fdfsdsf', 'fdsfdsf', 1, 3, 5, '14837_824718484299364_9094606429871241501_n.jpg', 1, '2016-12-07', 1, 1, 0),
(54, 'sdffdsf', '15-12-2016', 'fsdfdsf', 'fdsfsdf', '01687127823', '', 'fsdfsf', 'fdsfdsf', 1, 3, 5, '11405237_3687038351358260_1125949205_n.png', 1, '2016-12-07', 1, 0, 0),
(55, 'Harun Rashid', '01-01-2017', 'test', '199898989898', '01944416536', '', 'test', 'test', 2, 2, 5, 'red_polygon.png', 1, '2017-01-10', 1, 1, 0),
(56, 'Tanbir Ahmed', '09-01-1979', 'Ali Hossion', '45515115454415', '01813645252', '', 'Test22', 'Test', 1, 19, 5, 'Users-tanbir365-PortraitUrl_100.jpg', 1, '2017-01-22', 0, 0, 0),
(57, 'Tanbir Ahmed', '09-01-1979', 'Ali Hossion', '45515115454411', '01813645255', '', 'Test22', 'Test', 1, 3, 5, 'Users-tanbir365-PortraitUrl_1002.jpg', 1, '2017-01-26', 0, 0, 0);

-- --------------------------------------------------------

--
-- Table structure for table `blri_applicant_forms`
--

CREATE TABLE IF NOT EXISTS `blri_applicant_forms` (
  `applicant_form_id` bigint(30) NOT NULL AUTO_INCREMENT,
  `applicant_form_name` varchar(100) NOT NULL,
  `applicant_form_file_name` varchar(200) NOT NULL,
  `applicant_form_file_created` datetime NOT NULL,
  `applicant_form_file_modified` datetime NOT NULL,
  `applicant_form_is_active` tinyint(3) NOT NULL,
  PRIMARY KEY (`applicant_form_id`)
) ENGINE=InnoDB  DEFAULT CHARSET=utf8 AUTO_INCREMENT=4 ;

--
-- Dumping data for table `blri_applicant_forms`
--

INSERT INTO `blri_applicant_forms` (`applicant_form_id`, `applicant_form_name`, `applicant_form_file_name`, `applicant_form_file_created`, `applicant_form_file_modified`, `applicant_form_is_active`) VALUES
(3, 'Application for training', 'Application_for_Training.pdf', '2017-02-03 05:59:50', '2017-02-03 05:59:50', 1);

-- --------------------------------------------------------

--
-- Table structure for table `blri_course`
--

CREATE TABLE IF NOT EXISTS `blri_course` (
  `course_id` int(100) NOT NULL AUTO_INCREMENT,
  `course_name` varchar(120) NOT NULL,
  `course_venue` varchar(255) DEFAULT NULL,
  `course_description` text,
  `course_type` varchar(100) NOT NULL,
  `course_start_date` varchar(50) NOT NULL,
  `course_end_date` varchar(50) NOT NULL,
  PRIMARY KEY (`course_id`)
) ENGINE=InnoDB  DEFAULT CHARSET=utf8 AUTO_INCREMENT=8 ;

--
-- Dumping data for table `blri_course`
--

INSERT INTO `blri_course` (`course_id`, `course_name`, `course_venue`, `course_description`, `course_type`, `course_start_date`, `course_end_date`) VALUES
(4, 'ছাগল পালন', 'বেড়ীবাঁধ, ঢাকা', 'ছাগল পালন', 'Development Budget', '27-09-2016', '06-10-2016'),
(5, 'গরু মোটা তাজা করন', 'সাভার, ঢাকা', 'গরু মোটা তাজা করন', 'Development Budget', '29-09-2016', '29-12-2016'),
(6, 'খামার ব্যবস্থাপনা', 'খামারবাড়ি, ঢাকা ১২১৬', 'খামার ব্যবস্থাপনা', 'Revenue Budget', '01-02-2017', '30-04-2017'),
(7, 'খামার ব্যবস্থাপনা', 'ডেমরা, ঢাকা', 'খামার ব্যবস্থাপনা', 'Revenue Budget', '01-05-2017', '30-06-2017');

-- --------------------------------------------------------

--
-- Table structure for table `blri_course_instructor`
--

CREATE TABLE IF NOT EXISTS `blri_course_instructor` (
  `instructor_id` int(50) NOT NULL,
  `course_id` int(50) NOT NULL,
  KEY `course_id` (`course_id`,`instructor_id`)
) ENGINE=InnoDB DEFAULT CHARSET=utf8;

--
-- Dumping data for table `blri_course_instructor`
--

INSERT INTO `blri_course_instructor` (`instructor_id`, `course_id`) VALUES
(1, 4),
(2, 4),
(1, 5);

-- --------------------------------------------------------

--
-- Table structure for table `blri_district`
--

CREATE TABLE IF NOT EXISTS `blri_district` (
  `district_id` int(100) NOT NULL AUTO_INCREMENT,
  `district_name` varchar(200) NOT NULL,
  PRIMARY KEY (`district_id`)
) ENGINE=InnoDB  DEFAULT CHARSET=utf8 AUTO_INCREMENT=65 ;

--
-- Dumping data for table `blri_district`
--

INSERT INTO `blri_district` (`district_id`, `district_name`) VALUES
(1, 'ব্রাহ্মণবাড়িয়া'),
(2, 'বান্দরবন'),
(3, 'বরগুনা'),
(4, 'বরিশাল'),
(5, 'বাগেরহাট'),
(6, 'ভোলা'),
(7, 'বগুড়া'),
(8, 'চাঁদপুর'),
(9, 'চট্টগ্রাম'),
(10, 'চুয়াডাঙ্গা'),
(11, 'কুমিল্লা'),
(12, 'কক্সবাজার'),
(13, 'ঢাকা'),
(14, 'দিনাজপুর'),
(15, 'ফরিদপুর'),
(16, 'ফেনী'),
(17, 'গাইবান্ধা'),
(18, 'গাজীপুর'),
(19, 'গোপালগঞ্জ'),
(20, 'হবিগঞ্জ'),
(21, 'জয়পুরহাট'),
(22, 'জামালপুর'),
(23, 'যশোর'),
(24, 'ঝালকাঠী'),
(25, 'ঝিনাইদাহ'),
(26, 'খাগড়াছড়ি'),
(27, 'খুলনা'),
(28, 'কিশোরগঞ্জ'),
(29, 'কুড়িগ্রাম'),
(30, 'কুষ্টিয়া'),
(31, 'লক্ষ্মীপুর'),
(32, 'লালমনিরহাট'),
(33, 'মাদারীপুর'),
(34, 'মাগুরা'),
(35, 'মানিকগঞ্জ'),
(36, 'মেহেরপুর'),
(37, 'মৌলভীবাজার'),
(38, 'মুন্সীগঞ্জ'),
(39, 'ময়মনসিংহ'),
(40, 'নওগাঁ'),
(41, 'নারায়ণগঞ্জ'),
(42, 'নরসিংদী'),
(43, 'নাটোর'),
(44, 'নওয়াবগঞ্জ'),
(45, 'নেত্রকোনা'),
(46, 'নীলফামারী'),
(47, 'নোয়াখালী'),
(48, 'নড়াইল'),
(49, 'পাবনা'),
(50, 'পঞ্চগড়'),
(51, 'পটুয়াখালী'),
(52, 'পিরোজপুর'),
(53, 'রাজবাড়ী'),
(54, 'রাজশাহী'),
(55, 'রাঙ্গামাটি'),
(56, 'রংপুর'),
(57, 'সাতক্ষীরা'),
(58, 'শরীয়তপুর'),
(59, 'শেরপুর'),
(60, 'সিরাজগঞ্জ'),
(61, 'সুনামগঞ্জ'),
(62, 'সিলেট'),
(63, 'টাঙ্গাইল'),
(64, 'ঠাকুরগাঁও');

-- --------------------------------------------------------

--
-- Table structure for table `blri_instructor`
--

CREATE TABLE IF NOT EXISTS `blri_instructor` (
  `instructor_id` int(80) NOT NULL AUTO_INCREMENT,
  `instructor_name` varchar(100) NOT NULL,
  `instructor_email` varchar(100) NOT NULL,
  `instructor_phone_number` varchar(15) NOT NULL,
  `instructor_organization` varchar(50) NOT NULL,
  `instructor_designation` varchar(50) DEFAULT NULL,
  `instructor_photo` varchar(100) NOT NULL,
  `course_count` int(50) NOT NULL DEFAULT '0',
  PRIMARY KEY (`instructor_id`)
) ENGINE=InnoDB  DEFAULT CHARSET=utf8 AUTO_INCREMENT=6 ;

--
-- Dumping data for table `blri_instructor`
--

INSERT INTO `blri_instructor` (`instructor_id`, `instructor_name`, `instructor_email`, `instructor_phone_number`, `instructor_organization`, `instructor_designation`, `instructor_photo`, `course_count`) VALUES
(1, 'Harun Rashid', 'harun.bin.illius@gmail.com', '01944416535', 'Family', 'Chariman', '1620519_580165648758417_574470753498938999_n.jpg', 2),
(2, 'test', 'test@gmail.com', '01944416535', 'fsdfdsfd', 'fdsfdsfsf', '', 1),
(3, 'test', 'test@tg.com', '01988816535', 'test', 'test', '851560_10151658950229974_1362574886_n.png', 0),
(4, 'test', 'harun.bin.illius@gmail.coms', '01944416532', 'test', 'test', 'fist_to_five.jpg', 0),
(5, 'test', 'harun.bin.illius@gmail.comss', '01944416523', 'test', 'Chariman', '', 0);

-- --------------------------------------------------------

--
-- Table structure for table `blri_sub_district`
--

CREATE TABLE IF NOT EXISTS `blri_sub_district` (
  `sub_district_id` int(20) NOT NULL AUTO_INCREMENT,
  `sub_district_name` varchar(100) NOT NULL,
  `district_id` int(100) NOT NULL,
  PRIMARY KEY (`sub_district_id`),
  KEY `district_id` (`district_id`)
) ENGINE=InnoDB  DEFAULT CHARSET=utf8 AUTO_INCREMENT=492 ;

--
-- Dumping data for table `blri_sub_district`
--

INSERT INTO `blri_sub_district` (`sub_district_id`, `sub_district_name`, `district_id`) VALUES
(1, 'আশুগঞ্জ ', 1),
(2, 'আখাউড়া ', 1),
(3, 'কসবা ', 1),
(4, 'নবীনগর ', 1),
(5, 'নাসিরনগর ', 1),
(6, 'বাঞ্ছারামপুর ', 1),
(7, 'ব্রাহ্মণবাড়িয়া সদর ', 1),
(8, 'সরাইল ', 1),
(9, 'বিজয়নগর ', 1),
(10, 'আলিকদম ', 2),
(11, 'থানচি ', 2),
(12, 'নাইক্ষ্যংছড়ি ', 2),
(13, 'বান্দরবান সদর ', 2),
(14, 'রুমা ', 2),
(15, 'রোয়াংছড়ি ', 2),
(16, 'লামা ', 2),
(17, 'বরগুনা সদর ', 3),
(18, 'আমতলী ', 3),
(19, 'তালতলী ', 3),
(20, 'পাথরঘাটা ', 3),
(21, 'বেতাগি ', 3),
(22, 'বামনা ', 3),
(23, 'আগৈলঝারা ', 4),
(24, 'বাকেরগঞ্জ ', 4),
(25, 'বাবুগঞ্জ ', 4),
(26, 'বানারিপাড়া ', 4),
(27, 'গৌরনদী ', 4),
(28, 'হিজলা ', 4),
(29, 'বরিশাল সদর ', 4),
(30, 'মেহেন্দিগঞ্জ ', 4),
(31, 'মুলাদি ', 4),
(32, 'উজিরপুর ', 4),
(33, 'কচুয়া (বাগেরহাট)', 5),
(34, 'চিতলমারী ', 5),
(35, 'ফকিরহাট ', 5),
(36, 'বাগেরহাট সদর ', 5),
(37, 'মংলা ', 5),
(38, 'মোরেলগঞ্জ ', 5),
(39, 'মোল্লাহাট ', 5),
(40, 'রামপাল ', 5),
(41, 'শরণখোলা ', 5),
(42, 'চরফ্যাশন ', 6),
(43, 'তজমুদ্দিন ', 6),
(44, 'দৌলতখান ', 6),
(45, 'বোরহানউদ্দিন ', 6),
(46, 'ভোলা সদর ', 6),
(47, 'মনপুরা ', 6),
(48, 'লালমোহন ', 6),
(49, 'আদমদিঘী ', 7),
(50, 'বগুড়া সদর ', 7),
(51, 'ধুনট ', 7),
(52, 'ধুপচাঁচিয়া ', 7),
(53, 'গাবতলী ', 7),
(54, 'কাহালু ', 7),
(55, 'নন্দীগ্রাম ', 7),
(56, 'সারিয়াকান্দি ', 7),
(57, 'শেরপুর ', 7),
(58, 'শিবগঞ্জ ', 7),
(59, 'সোনাতলা ', 7),
(60, 'শাজাহানপুর ', 7),
(61, 'চাঁদপুর সদর ', 8),
(62, 'হাজীগঞ্জ ', 8),
(63, 'কচুয়া ', 8),
(64, 'ফরিদগঞ্জ ', 8),
(65, 'মতলব উত্তর ', 8),
(66, 'মতলব দক্ষিণ ', 8),
(67, 'হাইমচর ', 8),
(68, 'শাহরাস্তি ', 8),
(69, 'আনোয়ারা', 9),
(70, 'বাঁশখালী', 9),
(71, 'বোয়ালখালী', 9),
(72, 'চন্দনাঈশ', 9),
(73, 'ফটিকছড়ি ', 9),
(74, 'ভূজপূর থানা', 9),
(75, 'হাটহাজারী ', 9),
(76, 'লোহাগড়া ', 9),
(77, 'মীরসরাই ', 9),
(78, 'পটিয়া ', 9),
(79, 'রাঙ্গুনিয়া ', 9),
(80, 'রাউজান ', 9),
(81, 'সন্দ্বীপ ', 9),
(82, 'সাতকানিয়া ', 9),
(83, 'সীতাকুন্ড ', 9),
(84, 'কর্ণফুলী থানা', 9),
(85, 'আলমডাঙ্গা ', 10),
(86, 'চুয়াডাঙ্গা সদর ', 10),
(87, 'দামুড়হুদা ', 10),
(88, 'জীবননগর ', 10),
(89, 'বরুরা ', 11),
(90, 'চান্দিনা ', 11),
(91, 'দাউদকান্দি ', 11),
(92, 'লাকসাম ', 11),
(93, 'ব্রাহ্মণপাড়া ', 11),
(94, 'বুড়িচং ', 11),
(95, 'চৌদ্দগ্রাম ', 11),
(96, 'দেবীদ্বার ', 11),
(97, 'হোমনা ', 11),
(98, 'মুরাদনগর ', 11),
(99, 'লাঙ্গলকোট ', 11),
(100, 'মেঘনা ', 11),
(101, 'তিতাস ', 11),
(102, 'মনোহরগঞ্জ ', 11),
(103, 'আদর্শ সদর ', 11),
(104, 'সদর দক্ষিণ ', 11),
(105, 'উখিয়া ', 12),
(106, 'কক্সবাজার সদর ', 12),
(107, 'কুতুবদিয়া ', 12),
(108, 'চকোরিয়া ', 12),
(109, 'টেকনাফ ', 12),
(110, 'মহেশখালী ', 12),
(111, 'রামু ', 12),
(112, 'পেকুয়া ', 12),
(113, 'ধামরাই ', 13),
(114, 'দোহার ', 13),
(115, 'কেরানীগঞ্জ ', 13),
(116, 'নবাবগঞ্জ ', 13),
(117, 'সাভার ', 13),
(118, 'বিরামপুর ', 14),
(119, 'বীরগঞ্জ ', 14),
(120, 'বোচাগঞ্জ ', 14),
(121, 'ফুলবাড়ী ', 14),
(122, 'চিরিরবন্দর ', 14),
(123, 'ঘোড়াঘাট ', 14),
(124, 'হাকিমপুর ', 14),
(125, 'কাহারোল ', 14),
(126, 'খানসামা ', 14),
(127, 'দিনাজপুর সদর ', 14),
(128, 'নবাবগঞ্জ ', 14),
(129, 'পার্বতীপুর ', 14),
(130, 'বিরল ', 14),
(131, 'ফরিদপুর সদর ', 15),
(132, 'বোয়ালমারী ', 15),
(133, 'আলফাডাঙা ', 15),
(134, 'মধুখালী ', 15),
(135, 'ভাঙ্গা ', 15),
(136, 'নগরকান্দা ', 15),
(137, 'চর ভদ্রাসন ', 15),
(138, 'সদরপুর ', 15),
(139, 'সালথা ', 15),
(140, 'ফেনী সদর ', 16),
(141, 'দাগনভূঁইয়া ', 16),
(142, 'সোনাগাজী ', 16),
(143, 'ছাগলনাইয়া ', 16),
(144, 'পরশুরাম ', 16),
(145, 'ফুলগাজী ', 16),
(146, 'গাইবান্ধা সদর ', 17),
(147, 'ফুলছড়ি ', 17),
(148, 'গোবিন্দগঞ্জ ', 17),
(149, 'পলাশবাড়ী ', 17),
(150, 'সাদুল্লাপুর ', 17),
(151, 'সাঘাটা ', 17),
(152, 'সুন্দরগঞ্জ ', 17),
(153, 'গাজীপুর সদর ', 18),
(154, 'কালিয়াকৈর ', 18),
(155, 'কালীগঞ্জ ', 18),
(156, 'কাপাসিয়া ', 18),
(157, 'শ্রীপুর ', 18),
(158, 'গোপালগঞ্জ সদর ', 19),
(159, 'মুকসুদপুর ', 19),
(160, 'কাশিয়ানী ', 19),
(161, 'কোটালীপাড়া ', 19),
(162, 'টুঙ্গিপাড়া ', 19),
(163, 'আজমিরিগঞ্জ ', 20),
(164, 'বানিয়াচং ', 20),
(165, 'বাহুবল ', 20),
(166, 'চুনারুঘাট ', 20),
(167, 'হবিগঞ্জ সদর ', 20),
(168, 'লাখাই ', 20),
(169, 'মাধবপুর ', 20),
(170, 'নবীগঞ্জ ', 20),
(171, 'পাঁচবিবি ', 21),
(172, 'কালাই ', 21),
(173, 'ক্ষেতলাল ', 21),
(174, 'আক্কেলপুর ', 21),
(175, 'জয়পুরহাট সদর ', 21),
(176, 'জামালপুর সদর ', 22),
(177, 'বকশীগঞ্জ ', 22),
(178, 'দেওয়ানগঞ্জ ', 22),
(179, 'ইসলামপুর ', 22),
(180, 'মাদারগঞ্জ ', 22),
(181, 'মেলান্দহ ', 22),
(182, 'সরিষাবাড়ি ', 22),
(183, 'যশোর সদর ', 23),
(184, 'অভয়নগর ', 23),
(185, 'কেশবপুর ', 23),
(186, 'চৌগাছা ', 23),
(187, 'ঝিকরগাছা ', 23),
(188, 'বাঘারপাড়া ', 23),
(189, 'মনিরামপুর ', 23),
(190, 'শার্শা ', 23),
(191, 'কাঁঠালিয়া ', 24),
(192, 'ঝালকাঠি সদর ', 24),
(193, 'নলছিটি ', 24),
(194, 'রাজাপুর ', 24),
(195, 'কালীগঞ্জ (ঝিনাইদহ)', 25),
(196, 'কোটচাঁদপুর ', 25),
(197, 'ঝিনাইদহ সদর ', 25),
(198, 'মহেশপুর ', 25),
(199, 'শৈলকূপা ', 25),
(200, 'হরিণাকুণ্ড ', 25),
(201, 'খাগড়াছড়ি সদর ', 26),
(202, 'দীঘিনালা ', 26),
(203, 'পানছড়ি ', 26),
(204, 'মহালছড়ি ', 26),
(205, 'মাটিরাঙ্গা ', 26),
(206, 'মানিকছড়ি ', 26),
(207, 'রামগড় ', 26),
(208, 'লক্ষীছড়ি ', 26),
(209, 'কয়রা ', 27),
(210, 'ডুমুরিয়া ', 27),
(211, 'তেরখাদা ', 27),
(212, 'দাকোপ ', 27),
(213, 'দিঘলিয়া ', 27),
(214, 'পাইকগাছা ', 27),
(215, 'ফুলতলা ', 27),
(216, 'বটিয়াঘাটা ', 27),
(217, 'রূপসা ', 27),
(218, 'কিশোরগঞ্জ সদর ', 28),
(219, 'অষ্টগ্রাম ', 28),
(220, 'ইটনা ', 28),
(221, 'করিমগঞ্জ ', 28),
(222, 'কটিয়াদি ', 28),
(223, 'কুলিয়ারচর ', 28),
(224, 'তাড়াইল ', 28),
(225, 'নিকলী ', 28),
(226, 'পাকুন্দিয়া ', 28),
(227, 'বাজিতপুর ', 28),
(228, 'ভৈরব ', 28),
(229, 'মিটামইন ', 28),
(230, 'হোসেনপুর ', 28),
(231, 'উলিপুর ', 29),
(232, 'কুড়িগ্রাম সদর ', 29),
(233, 'চর রাজীবপুর ', 29),
(234, 'চিলমারী ', 29),
(235, 'নাগেশ্বরী ', 29),
(236, 'ফুলবাড়ী ', 29),
(237, 'ভুরুঙ্গামারী ', 29),
(238, 'রাজারহাট ', 29),
(239, 'রৌমারী ', 29),
(240, 'কুমারখালী ', 30),
(241, 'কুষ্টিয়া সদর ', 30),
(242, 'খোকসা ', 30),
(243, 'দৌলতপুর ', 30),
(244, 'ভেড়ামারা ', 30),
(245, 'মীরপুর ', 30),
(246, 'লক্ষ্মীপুর সদর ', 31),
(247, 'রায়পুর ', 31),
(248, 'রামগঞ্জ ', 31),
(249, 'কমলনগর ', 31),
(250, 'রামগতি ', 31),
(251, 'লালমনিরহাট সদর ', 32),
(252, 'পাটগ্রাম ', 32),
(253, 'আদিতমারী ', 32),
(254, 'কালীগঞ্জ ', 32),
(255, 'হাতিবান্ধা ', 32),
(256, 'মাদারীপুর সদর ', 33),
(257, 'শিবচর ', 33),
(258, 'কালকিনী ', 33),
(259, 'রাজৈর ', 33),
(260, 'মাগুরা সদর ', 34),
(261, 'মোহাম্মদপুর ', 34),
(262, 'শালিখা ', 34),
(263, 'শ্রীপুর ', 34),
(264, 'মানিকগঞ্জ সদর ', 35),
(265, 'সিঙ্গাইর ', 35),
(266, 'শিবালয় ', 35),
(267, 'সাটুরিয়া ', 35),
(268, 'হরিরামপুর ', 35),
(269, 'ঘিওর ', 35),
(270, 'দৌলতপুর ', 35),
(271, 'গাংনী ', 36),
(272, 'মেহেরপুর সদর ', 36),
(273, 'মুজিবনগর ', 36),
(274, 'বড়লেখা ', 37),
(275, 'কুলাউড়া ', 37),
(276, 'রাজানগর ', 37),
(277, 'কমলগঞ্জ ', 37),
(278, 'শ্রীমঙ্গল ', 37),
(279, 'মৌলভীবাজার সদর ', 37),
(280, 'জুরি ', 37),
(281, 'শ্রীনগর ', 38),
(282, 'সিরাজদীখান ', 38),
(283, 'লৌহজং ', 38),
(284, 'টঙ্গীবাড়ী ', 38),
(285, 'মুন্সিগঞ্জ সদর ', 38),
(286, 'গজারিয়া ', 38),
(287, 'ময়মনসিংহ সদর ', 39),
(288, 'ত্রিশাল ', 39),
(289, 'গৌরীপুর ', 39),
(290, 'মুক্তাগাছা ', 39),
(291, 'ফুলপুর ', 39),
(292, 'তারাকান্দা ', 39),
(293, 'হালুয়াঘাট ', 39),
(294, 'ভালুকা ', 39),
(295, 'ফুলবাড়িয়া ', 39),
(296, 'গফরগাঁও ', 39),
(297, 'ঈশ্বরগঞ্জ ', 39),
(298, 'নান্দাইল ', 39),
(299, 'ধোবাউড়া ', 39),
(300, 'পত্নীতলা ', 40),
(301, 'ধামুরহাট ', 40),
(302, 'মহাদেবপুর ', 40),
(303, 'পোরশা ', 40),
(304, 'সাপাহার ', 40),
(305, 'বদলগাছি ', 40),
(306, 'মান্দা ', 40),
(307, 'নিয়ামতপুর ', 40),
(308, 'আত্রাই ', 40),
(309, 'রানীনগর ', 40),
(310, 'নওগাঁ সদর ', 40),
(311, 'নারায়ণগঞ্জ সদর ', 41),
(312, 'বন্দর ', 41),
(313, 'আড়াইহাজার ', 41),
(314, 'রূপগঞ্জ ', 41),
(315, 'সোনারগাঁও ', 41),
(316, 'বেলাবো', 42),
(317, 'মনোহরদী ', 42),
(318, 'শিবপুর ', 42),
(319, 'রায়পুরা ', 42),
(320, 'পলাশ ', 42),
(321, 'নরসিংদী সদর', 42),
(322, 'নাটোর সদর ', 43),
(323, 'বাগাতিপাড়া ', 43),
(324, 'বরাইগ্রাম ', 43),
(325, 'গুরুদাসপুর ', 43),
(326, 'লালপুর ', 43),
(327, 'সিংড়া ', 43),
(328, 'নলডাংগা ', 43),
(329, 'চাঁপাইনবাবগঞ্জ সদর ', 44),
(330, 'গোমস্তাপুর ', 44),
(331, 'শিবগঞ্জ ', 44),
(332, 'নাচোল ', 44),
(333, 'ভোলাহাট ', 44),
(334, 'আটপাড়া ', 45),
(335, 'বারহাট্টা ', 45),
(336, 'দুর্গাপুর ', 45),
(337, 'খালিয়াজুড়ি ', 45),
(338, 'কলমাকান্দা ', 45),
(339, 'কেন্দুয়া ', 45),
(340, 'মদন ', 45),
(341, 'মোহনগঞ্জ ', 45),
(342, 'নেত্রকোনা সদর ', 45),
(343, 'পূর্বধলা ', 45),
(344, 'নিলফামারী সদর', 46),
(345, 'ডোমার ', 46),
(346, 'ডিমলা ', 46),
(347, 'জলঢাকা ', 46),
(348, 'কিশোরগঞ্জ ', 46),
(349, 'সৈয়দপুর ', 46),
(350, 'নোয়াখালী সদর ', 47),
(351, 'বেগমগঞ্জ ', 47),
(352, 'চাটখিল ', 47),
(353, 'কোম্পানীগঞ্জ  (নোয়াখালী)', 47),
(354, 'হাতিয়া ', 47),
(355, 'সেনবাগ ', 47),
(356, 'সুবর্ণ চর ', 47),
(357, 'সোনাইমুড়ি ', 47),
(358, 'কবিরহাট ', 47),
(359, 'নড়াইল সদর ', 48),
(360, 'লোহাগড়া ', 48),
(361, 'কালিয়া ', 48),
(362, 'নড়াগাতি ', 48),
(363, 'আটঘরিয়া ', 49),
(364, 'ঈশ্বরদী ', 49),
(365, 'চাটমোহর ', 49),
(366, 'পাবনা সদর ', 49),
(367, 'ফরিদপুর ', 49),
(368, 'বেড়া ', 49),
(369, 'ভাঙ্গুরা ', 49),
(370, 'সুজানগর ', 49),
(371, 'সাঁথিয়া ', 49),
(372, 'দেবীগঞ্জ ', 50),
(373, 'তেতুলিয়া ', 50),
(374, 'পঞ্চগড় সদর ', 50),
(375, 'আটোয়ারী ', 50),
(376, 'বোদা ', 50),
(377, 'পটুয়াখালী সদর ', 51),
(378, 'বাউফল ', 51),
(379, 'দশমিনা ', 51),
(380, 'গলাচিপা ', 51),
(381, 'কলাপাড়া ', 51),
(382, 'মির্জাগঞ্জ ', 51),
(383, 'দুমকি ', 51),
(384, 'রাঙ্গাবালি ', 51),
(385, 'কাউখালী (পিরোজপুর)', 52),
(386, 'নাজিরপুর ', 52),
(387, 'নেছারাবাদ (স্বরূপকাঠি) ', 52),
(388, 'পিরোজপুর সদর ', 52),
(389, 'ভাণ্ডারিয়া ', 52),
(390, 'মঠবাড়িয়া ', 52),
(391, 'জিয়ানগর ', 52),
(392, 'রাজবাড়ী সদর ', 53),
(393, 'গোয়ালন্দ ', 53),
(394, 'পাংশা ', 53),
(395, 'বালিয়াকান্দি ', 53),
(396, 'কালুখালী ', 53),
(397, 'বাঘা ', 54),
(398, 'পুঠিয়া ', 54),
(399, 'পবা ', 54),
(400, 'বাগমারা ', 54),
(401, 'তানোর ', 54),
(402, 'রাজশাহী সদর ', 54),
(403, 'বোয়ালিয়া ', 54),
(404, 'মোহনপুর ', 54),
(405, 'চারঘাট ', 54),
(406, 'গোদাগারী ', 54),
(407, 'দূর্গাপুর ', 54),
(408, 'কাউখালী (রাঙ্গামাটি)', 55),
(409, 'কাপ্তাই ', 55),
(410, 'জুরাছড়ি ', 55),
(411, 'নানিয়াচর ', 55),
(412, 'বরকল ', 55),
(413, 'বাঘাইছড়ি ', 55),
(414, 'বিলাইছড়ি ', 55),
(415, 'রাঙ্গামাটি সদর ', 55),
(416, 'রাজস্থলী ', 55),
(417, 'লংগদু ', 55),
(418, 'রংপুর সদর ', 56),
(419, 'বদরগঞ্জ ', 56),
(420, 'গঙ্গাছড়া ', 56),
(421, 'কাউনিয়া ', 56),
(422, 'মিঠাপুকুর ', 56),
(423, 'পীরগাছা ', 56),
(424, 'পীরগঞ্জ ', 56),
(425, 'তারাগঞ্জ ', 56),
(426, 'আশাশুনি ', 57),
(427, 'কলারোয়া ', 57),
(428, 'কালীগঞ্জ  (সাতক্ষীরা)', 57),
(429, 'তালা ', 57),
(430, 'দেবহাটা ', 57),
(431, 'শ্যামনগর ', 57),
(432, 'সাতক্ষীরা সদর ', 57),
(433, 'শরিয়তপুর সদর ', 58),
(434, 'ডামুড্যা ', 58),
(435, 'নড়িয়া ', 58),
(436, 'ভেদরগঞ্জ ', 58),
(437, 'জানজিরা ', 58),
(438, 'গোসাইরহাট ', 58),
(439, 'ঝিনাইগতি ', 59),
(440, 'নকলা ', 59),
(441, 'নালিতাবাড়ি ', 59),
(442, 'শেরপুর সদর ', 59),
(443, 'শ্রীবর্দি ', 59),
(444, 'বেলকুচি ', 60),
(445, 'কামারখন্দ ', 60),
(446, 'চৌহালি ', 60),
(447, 'কাজীপুর ', 60),
(448, 'রায়গঞ্জ ', 60),
(449, 'শাহজাদপুর ', 60),
(450, 'সিরাজগঞ্জ সদর ', 60),
(451, 'তাড়াস ', 60),
(452, 'উল্লাপাড়া ', 60),
(453, 'বিশ্বম্ভরপুর ', 61),
(454, 'ছাতক ', 61),
(455, 'দিরাই ', 61),
(456, 'ধর্মপাশা ', 61),
(457, 'দোয়ারাবাজার ', 61),
(458, 'জগন্নাথপুর ', 61),
(459, 'জামালগঞ্জ ', 61),
(460, 'তাহিরপুর ', 61),
(461, 'শাল্লা ', 61),
(462, 'সুনামগঞ্জ সদর ', 61),
(463, 'বালাগঞ্জ ', 62),
(464, 'বিয়ানীবাজার ', 62),
(465, 'বিশ্বনাথ ', 62),
(466, 'কোম্পানীগঞ্জ ', 62),
(467, 'ফেঞ্চুগঞ্জ ', 62),
(468, 'গোলাপগঞ্জ ', 62),
(469, 'গোয়াইঘাট ', 62),
(470, 'জৈন্তাপুর ', 62),
(471, 'কানাইঘাট ', 62),
(472, 'সিলেট সদর ', 62),
(473, 'জকিগঞ্জ ', 62),
(474, 'দক্ষিণ সুরমা ', 62),
(475, 'টাঙ্গাইল সদর ', 63),
(476, 'কালিহাতি ', 63),
(477, 'ঘাটাইল ', 63),
(478, 'বাসাইল ', 63),
(479, 'গোপালপুর ', 63),
(480, 'মির্জাপুর ', 63),
(481, 'ভুঞাপুর ', 63),
(482, 'নাগরপুর ', 63),
(483, 'মধুপুর ', 63),
(484, 'সখিপুর ', 63),
(485, 'দেলদুয়ার ', 63),
(486, 'ধনবাড়ী ', 63),
(487, 'ঠাকুরগাঁও সদর ', 64),
(488, 'পীরগঞ্জ ', 64),
(489, 'বালিয়াডাঙ্গী ', 64),
(490, 'রানীশংকৈল ', 64),
(491, 'হরিপুর ', 64);

/*!40101 SET CHARACTER_SET_CLIENT=@OLD_CHARACTER_SET_CLIENT */;
/*!40101 SET CHARACTER_SET_RESULTS=@OLD_CHARACTER_SET_RESULTS */;
/*!40101 SET COLLATION_CONNECTION=@OLD_COLLATION_CONNECTION */;
